{
  "_type": "export",
  "__export_format": 4,
  "__export_date": "2025-08-09T18:37:50.769979Z",
  "__export_source": "chatgpt-generated",
  "resources": [
    {
      "_id": "wrk_e9a9f326",
      "_type": "workspace",
      "name": "Gerenciador de Listas",
      "parentId": null,
      "scope": "collection"
    },
    {
      "_id": "env_61f5943c",
      "_type": "environment",
      "parentId": "wrk_e9a9f326",
      "name": "Base Environment",
      "data": {
        "baseUrl": "http://localhost:8080"
      }
    },
    {
      "_id": "fld_30731757",
      "_type": "request_group",
      "parentId": "wrk_e9a9f326",
      "name": "Listas"
    },
    {
      "_id": "fld_940dc759",
      "_type": "request_group",
      "parentId": "wrk_e9a9f326",
      "name": "Itens"
    },
    {
      "_id": "fld_c6338e62",
      "_type": "request_group",
      "parentId": "wrk_e9a9f326",
      "name": "Admin"
    },
    {
      "_id": "req_727cd002",
      "_type": "request",
      "parentId": "fld_30731757",
      "name": "Listar todas as listas",
      "method": "GET",
      "url": "{{ baseUrl }}/listas",
      "parameters": [],
      "headers": [
        {
          "name": "X-Correlation-Id",
          "value": "{{ uuid }}"
        }
      ]
    },
    {
      "_id": "req_49dfa89b",
      "_type": "request",
      "parentId": "fld_30731757",
      "name": "Criar lista (com schema)",
      "method": "POST",
      "url": "{{ baseUrl }}/listas",
      "parameters": [],
      "headers": [
        {
          "name": "X-Correlation-Id",
          "value": "{{ uuid }}"
        }
      ],
      "body": {
        "mimeType": "application/json",
        "text": "{\n  \"nome\": \"clientes\",\n  \"descricao\": \"Lista de clientes\",\n  \"schema\": {\n    \"$schema\": \"https://json-schema.org/draft-07/schema#\",\n    \"type\": \"object\",\n    \"required\": [\n      \"nome\",\n      \"idade\"\n    ],\n    \"properties\": {\n      \"nome\": {\n        \"type\": \"string\",\n        \"minLength\": 2\n      },\n      \"idade\": {\n        \"type\": \"integer\",\n        \"minimum\": 18,\n        \"maximum\": 120\n      },\n      \"vip\": {\n        \"type\": \"boolean\"\n      },\n      \"cidade\": {\n        \"type\": \"string\",\n        \"enum\": [\n          \"SP\",\n          \"RJ\",\n          \"BH\",\n          \"POA\"\n        ]\n      }\n    }\n  }\n}"
      }
    },
    {
      "_id": "req_0bc568bd",
      "_type": "request",
      "parentId": "fld_30731757",
      "name": "Buscar lista por nome",
      "method": "GET",
      "url": "{{ baseUrl }}/listas/clientes",
      "parameters": [],
      "headers": [
        {
          "name": "X-Correlation-Id",
          "value": "{{ uuid }}"
        }
      ]
    },
    {
      "_id": "req_351460d9",
      "_type": "request",
      "parentId": "fld_940dc759",
      "name": "Adicionar item",
      "method": "POST",
      "url": "{{ baseUrl }}/listas/clientes/itens",
      "parameters": [],
      "headers": [
        {
          "name": "X-Correlation-Id",
          "value": "{{ uuid }}"
        }
      ],
      "body": {
        "mimeType": "application/json",
        "text": "{\n  \"nome\": \"João\",\n  \"idade\": 31,\n  \"vip\": true,\n  \"cidade\": \"SP\"\n}"
      }
    },
    {
      "_id": "req_e74649cd",
      "_type": "request",
      "parentId": "fld_940dc759",
      "name": "Buscar itens (sem paginação, com filtros)",
      "method": "GET",
      "url": "{{ baseUrl }}/listas/clientes/itens?idade=>30&cidade=SP",
      "headers": [
        {
          "name": "X-Correlation-Id",
          "value": "{{ uuid }}"
        }
      ]
    },
    {
      "_id": "req_4b13ee8e",
      "_type": "request",
      "parentId": "fld_940dc759",
      "name": "Buscar itens (paginado)",
      "method": "GET",
      "url": "{{ baseUrl }}/listas/clientes/itens?page=0&size=20&sort=idade,desc",
      "headers": [
        {
          "name": "X-Correlation-Id",
          "value": "{{ uuid }}"
        }
      ]
    },
    {
      "_id": "req_751d98c1",
      "_type": "request",
      "parentId": "fld_940dc759",
      "name": "Atualizar item (PATCH)",
      "method": "PATCH",
      "url": "{{ baseUrl }}/listas/clientes/itens/ID_DO_ITEM",
      "parameters": [],
      "headers": [
        {
          "name": "X-Correlation-Id",
          "value": "{{ uuid }}"
        }
      ],
      "body": {
        "mimeType": "application/json",
        "text": "{\n  \"idade\": 33,\n  \"vip\": true\n}"
      }
    },
    {
      "_id": "req_7260c7ca",
      "_type": "request",
      "parentId": "fld_940dc759",
      "name": "Remover item",
      "method": "DELETE",
      "url": "{{ baseUrl }}/listas/clientes/itens/ID_DO_ITEM",
      "headers": [
        {
          "name": "X-Correlation-Id",
          "value": "{{ uuid }}"
        }
      ]
    },
    {
      "_id": "req_cba6b390",
      "_type": "request",
      "parentId": "fld_940dc759",
      "name": "Verificar existência de item",
      "method": "POST",
      "url": "{{ baseUrl }}/listas/clientes/verificar",
      "parameters": [],
      "headers": [
        {
          "name": "X-Correlation-Id",
          "value": "{{ uuid }}"
        }
      ],
      "body": {
        "mimeType": "application/json",
        "text": "{\n  \"nome\": \"João\",\n  \"idade\": 31\n}"
      }
    },
    {
      "_id": "req_2113c43b",
      "_type": "request",
      "parentId": "fld_c6338e62",
      "name": "Health (Actuator)",
      "method": "GET",
      "url": "{{ baseUrl }}/actuator/health"
    }
  ]
}